asvs_requirement,chapter,section,level,applicability,status,evidence,notes
v5.0.0-1.1.1,Encoding and Sanitization,Encoding and Sanitization Architecture,2,Applicable,Manually Verified,docs/security/ENCODING_SANITIZATION.md,Framework/structured parsers decode inputs at their ingress boundary and values are then semantically validated; Journeyman does not deliberately re-decode validated inputs.
v5.0.0-1.1.2,Encoding and Sanitization,Encoding and Sanitization Architecture,2,Applicable,Automated,tests/security/test_injection_controls.py::test_repository_name_is_html_escaped; tests/security/test_encoding_sanitization_controls.py::test_dynamic_javascript_template_values_use_tojson,Encoding is applied at the sink: Jinja autoescaping protects HTML and tojson is required for direct JavaScript template interpolation.
v5.0.0-1.2.1,Encoding and Sanitization,Injection Prevention,1,Applicable,Automated,tests/security/test_injection_controls.py::test_repository_name_is_html_escaped; tests/security/test_injection_controls.py::test_templates_do_not_disable_jinja_autoescaping,Jinja HTML rendering is regression-tested for escaping and explicit autoescape bypasses are prohibited.
v5.0.0-1.2.2,Encoding and Sanitization,Injection Prevention,1,Applicable,Automated,tests/security/test_web_frontend_security_controls.py::test_login_redirect_rejects_external_destinations; tests/security/test_encoding_sanitization_controls.py::test_application_uses_framework_url_generation_and_safe_redirect_helper,"Internal URLs use Flask url_for and request-controlled redirects reject external, protocol-relative and script-scheme destinations."
v5.0.0-1.2.3,Encoding and Sanitization,Injection Prevention,1,Applicable,Automated,tests/security/test_encoding_sanitization_controls.py::test_dynamic_javascript_template_values_use_tojson,Direct Jinja interpolation into JavaScript assignments is regression-checked to use Jinja tojson encoding.
v5.0.0-1.2.4,Encoding and Sanitization,Injection Prevention,1,Applicable,Automated,tests/security/test_injection_controls.py::test_bobby_tables_repository_name_remains_data,Representative user-controlled database persistence is tested with a classic SQL-injection payload; current application persistence uses SQLAlchemy ORM/expression APIs. Raw textual SQL remains a review trigger.
v5.0.0-1.2.5,Encoding and Sanitization,Injection Prevention,1,Applicable,Automated,tests/security/test_injection_controls.py::test_application_does_not_enable_shell_interpretation_for_subprocesses; tests/test_environments.py::test_environment_rejects_shell_metacharacters_in_ansible_config_path,Subprocess shell interpretation is prohibited by regression test and a concrete shell-metacharacter path payload is rejected.
v5.0.0-1.2.6,Encoding and Sanitization,Injection Prevention,2,Applicable,Automated,tests/security/test_encoding_sanitization_controls.py::test_directory_dynamic_ldap_filters_escape_untrusted_values,Dynamic Active Directory filter values are escaped using ldap3 escape_filter_chars before interpolation into application-controlled LDAP filter syntax.
v5.0.0-1.2.7,Encoding and Sanitization,Injection Prevention,2,Not Applicable,Not Applicable,,Journeyman does not construct or execute XPath queries.
v5.0.0-1.2.8,Encoding and Sanitization,Injection Prevention,2,Not Applicable,Not Applicable,,Journeyman does not process LaTeX.
v5.0.0-1.2.9,Encoding and Sanitization,Injection Prevention,2,Not Applicable,Not Applicable,,Untrusted Package runtime values are matched as data against administrator-configured regular expressions; untrusted values are not interpolated into regular-expression syntax.
v5.0.0-1.2.10,Encoding and Sanitization,Injection Prevention,3,Not Applicable,Not Applicable,,Journeyman does not currently export user-controlled CSV or spreadsheet content.
v5.0.0-1.3.1,Encoding and Sanitization,Sanitization,1,Not Applicable,Not Applicable,,Journeyman does not accept WYSIWYG or other user-authored HTML content.
v5.0.0-1.3.2,Encoding and Sanitization,Sanitization,1,Applicable,Automated,tests/security/test_injection_controls.py::test_application_does_not_use_dynamic_eval_or_exec,"Application, runner and deployment Python are regression-checked to prohibit eval()/exec() dynamic code execution."
v5.0.0-1.3.3,Encoding and Sanitization,Sanitization,2,Applicable,Automated,tests/test_environments.py::test_environment_rejects_shell_metacharacters_in_ansible_config_path; tests/test_environments.py::test_environment_rejects_parent_traversal_in_ansible_config_path; tests/test_project_package_security.py::test_package_choice_rejects_value_not_offered_by_server,Dangerous contexts use semantic allowlists/bounds where required; representative path and Package-choice boundaries have hostile-input regression coverage.
v5.0.0-1.3.4,Encoding and Sanitization,Sanitization,2,Not Applicable,Not Applicable,,Journeyman does not accept user-supplied SVG content.
v5.0.0-1.3.5,Encoding and Sanitization,Sanitization,2,Not Applicable,Not Applicable,,"Journeyman does not render user-supplied Markdown, CSS, XSL, BBCode or equivalent scriptable markup languages."
v5.0.0-1.3.6,Encoding and Sanitization,Sanitization,2,Applicable,Automated,tests/security/test_outbound_security_controls.py; docs/security/OUTBOUND_COMMUNICATION.md,Production outbound destinations are restricted by a sysadmin-owned host/port allowlist and validated again at runtime; special local IP targets are rejected.
v5.0.0-1.3.7,Encoding and Sanitization,Sanitization,2,Applicable,Automated,tests/security/test_injection_controls.py::test_inventory_bindings_reject_general_jinja_expressions; tests/security/test_injection_controls.py::test_inventory_bindings_allow_declared_scalar_substitution_only,Inventory bindings implement restricted identifier substitution rather than general Jinja template evaluation.
v5.0.0-1.3.8,Encoding and Sanitization,Sanitization,2,Not Applicable,Not Applicable,,Journeyman is a Python application and does not use JNDI.
v5.0.0-1.3.9,Encoding and Sanitization,Sanitization,2,Not Applicable,Not Applicable,,Journeyman does not use memcache.
v5.0.0-1.3.10,Encoding and Sanitization,Sanitization,2,Applicable,Automated,tests/security/test_encoding_sanitization_controls.py::test_package_runtime_values_are_not_interpolated_into_regex_syntax; docs/security/ENCODING_SANITIZATION.md,Developer-controlled Python format/template syntax is kept separate from untrusted values; inventory template syntax is independently restricted and runtime values are supplied as data.
v5.0.0-1.3.11,Encoding and Sanitization,Sanitization,2,Not Applicable,Not Applicable,,Journeyman does not currently submit untrusted input to SMTP or IMAP systems.
v5.0.0-1.3.12,Encoding and Sanitization,Sanitization,3,Applicable,Automated,tests/security/test_safe_regex_controls.py,"Administrator-defined Package regexes use a conservative safe subset, reject dangerous constructs, and bound match input length before Python re evaluation."
v5.0.0-1.4.1,Encoding and Sanitization,"Memory, String, and Unmanaged Code",2,Not Applicable,Not Applicable,,Journeyman application code is memory-safe Python and contains no project-authored unmanaged pointer/string handling.
v5.0.0-1.4.2,Encoding and Sanitization,"Memory, String, and Unmanaged Code",2,Not Applicable,Not Applicable,,Journeyman application arithmetic uses Python integers; unmanaged fixed-width integer overflow is not an application-code concern.
v5.0.0-1.4.3,Encoding and Sanitization,"Memory, String, and Unmanaged Code",2,Not Applicable,Not Applicable,,Journeyman application code is memory-managed Python and contains no project-authored manual allocation/free pointer lifecycle.
v5.0.0-1.5.1,Encoding and Sanitization,Safe Deserialization,1,Not Applicable,Not Applicable,,Journeyman does not currently parse untrusted XML.
v5.0.0-1.5.2,Encoding and Sanitization,Safe Deserialization,2,Applicable,Automated,tests/security/test_injection_controls.py::test_yaml_deserialization_uses_safe_loaders_only,PyYAML deserialization is regression-checked to prohibit unsafe/full loader entry points; JSON uses the standard data-only parser.
v5.0.0-1.5.3,Encoding and Sanitization,Safe Deserialization,3,Applicable,Automated,tests/security/test_asvs_automated_closeout.py::test_safe_data_parsers_preserve_unicode_without_reinterpretation,"Unicode data is round-tripped consistently through the standard JSON, safe-YAML and URL form/query parsers used by Journeyman without reinterpretation."
v5.0.0-2.1.1,Validation and Business Logic,Validation and Business Logic Documentation,1,Applicable,Manually Verified,docs/security/VALIDATION_BUSINESS_LOGIC.md,Validation rules and trusted server-side validation boundaries are documented.
v5.0.0-2.1.2,Validation and Business Logic,Validation and Business Logic Documentation,2,Applicable,Manually Verified,docs/security/VALIDATION_BUSINESS_LOGIC.md,Logical/contextual consistency rules for related Package inputs and preview state are documented.
v5.0.0-2.1.3,Validation and Business Logic,Validation and Business Logic Documentation,2,Applicable,Manually Verified,docs/security/VALIDATION_BUSINESS_LOGIC.md,Current business-logic limits and known missing anti-automation limits are documented.
v5.0.0-2.2.1,Validation and Business Logic,Input Validation,1,Applicable,Automated,tests/test_environments.py::test_environment_rejects_shell_metacharacters_in_ansible_config_path; tests/test_environments.py::test_environment_rejects_parent_traversal_in_ansible_config_path; tests/test_project_package_security.py::test_email_addresses_reject_invalid_item; tests/test_project_package_security.py::test_package_choice_rejects_value_not_offered_by_server,Security-sensitive and typed inputs have positive/server-side validation regression coverage.
v5.0.0-2.2.2,Validation and Business Logic,Input Validation,1,Applicable,Automated,tests/test_project_package_security.py::test_package_choice_rejects_value_not_offered_by_server; tests/test_environments.py::test_environment_rejects_shell_metacharacters_in_ansible_config_path,Direct service/HTTP submissions that bypass browser controls are rejected by trusted server-side validation.
v5.0.0-2.2.3,Validation and Business Logic,Input Validation,2,Applicable,Automated,tests/test_project_package_security.py::test_hidden_conditional_value_is_ignored; tests/test_project_package_security.py::test_conditionally_required_value_is_enforced,Related Package input conditions are re-evaluated on the server; hidden values are ignored and conditional requirements enforced.
v5.0.0-2.3.1,Validation and Business Logic,Business Logic Security,1,Applicable,Automated,tests/test_project_package_security.py::test_launch_token_is_bound_to_user_and_package; tests/test_project_package_security.py::test_tampered_launch_token_is_rejected; tests/test_project_package_security.py::test_package_definition_change_invalidates_preview,"Package preview/confirm state is cryptographically bound to the user/package and definition digest, preventing skipped/tampered launch-flow state."
v5.0.0-2.3.2,Validation and Business Logic,Business Logic Security,2,Applicable,Automated,tests/security/test_validation_business_logic_controls.py::test_project_parallelism_is_bounded_in_form_and_execution_service; tests/security/test_validation_business_logic_controls.py::test_package_validation_is_enforced_by_server_side_service,Documented Project concurrency and Package validation limits are enforced server-side.
v5.0.0-2.3.3,Validation and Business Logic,Business Logic Security,2,Applicable,Automated,tests/security/test_validation_business_logic_controls.py::test_persistence_paths_explicitly_rollback_failed_transactions,Database-backed persistence paths use explicit rollback on failed multi-object operations; external automation side effects are not claimed to be transactional.
v5.0.0-2.3.4,Validation and Business Logic,Business Logic Security,2,Not Applicable,Not Applicable,,"Journeyman has no user-reservable limited-quantity business resource such as inventory stock, seats, appointments, or balances; execution scheduling is covered by separate atomic dispatch/claim controls."
v5.0.0-2.3.5,Validation and Business Logic,Business Logic Security,3,Applicable,Deferred,,Journeyman can perform high-impact operational changes but does not yet provide mandatory multi-user/four-eyes approval for designated high-value workflows.
v5.0.0-2.4.1,Validation and Business Logic,Anti-automation,2,Applicable,Automated,tests/security/test_costly_operation_rate_limits.py; docs/security/COSTLY_OPERATION_RATE_LIMITS.md,"Database-backed per-user and global budgets bound Project/Package preview and launch, inventory refresh, repository synchronization, and managed environment build/rebuild operations."
v5.0.0-2.4.2,Validation and Business Logic,Anti-automation,3,Not Applicable,Not Applicable,,Journeyman is an automation/orchestration product and intentionally supports scheduled and machine-speed execution; requiring human-speed transaction timing would conflict with the product purpose.
v5.0.0-3.1.1,Web Frontend Security,Web Frontend Security Documentation,3,Applicable,Manually Verified,docs/security/WEB_FRONTEND_SECURITY.md,Documents required browser security features and unsupported-browser behaviour.
v5.0.0-3.2.1,Web Frontend Security,Unintended Content Interpretation,1,Applicable,Automated,tests/security/test_web_frontend_security_controls.py::test_application_emits_browser_security_headers,"Browser responses are constrained with nosniff, CSP, COOP and CORP headers."
v5.0.0-3.2.2,Web Frontend Security,Unintended Content Interpretation,1,Applicable,Manually Verified,docs/security/WEB_FRONTEND_SECURITY.md,Server-rendered values use Jinja autoescaping; dynamic innerHTML use was reviewed and user-controlled flowchart values are escaped before insertion.
v5.0.0-3.2.3,Web Frontend Security,Unintended Content Interpretation,3,Applicable,Deferred,,No comprehensive DOM-clobbering/static client-JavaScript analysis is enforced yet; client code should be refactored and linted before claiming this Level-3 control.
v5.0.0-3.3.1,Web Frontend Security,Cookie Setup,1,Applicable,Automated,tests/security/test_web_frontend_security_controls.py::test_production_session_cookie_is_host_scoped_and_hardened,Production authentication cookie uses the __Host- prefix and Secure attribute.
v5.0.0-3.3.2,Web Frontend Security,Cookie Setup,2,Applicable,Automated,tests/security/test_web_frontend_security_controls.py::test_production_session_cookie_is_host_scoped_and_hardened,Production session cookie explicitly uses SameSite=Lax.
v5.0.0-3.3.3,Web Frontend Security,Cookie Setup,2,Applicable,Automated,tests/security/test_web_frontend_security_controls.py::test_production_session_cookie_is_host_scoped_and_hardened,"Production session cookie uses __Host-, Path=/ and no Domain attribute."
v5.0.0-3.3.4,Web Frontend Security,Cookie Setup,2,Applicable,Automated,tests/security/test_web_frontend_security_controls.py::test_production_session_cookie_is_host_scoped_and_hardened,Production session cookie is HttpOnly and is delivered as a cookie rather than exposed through application JavaScript.
v5.0.0-3.3.5,Web Frontend Security,Cookie Setup,3,Applicable,Automated,tests/security/test_asvs_automated_closeout.py::test_oversized_browser_session_is_cleared_instead_of_emitted; app/security_session.py,Journeyman enforces an explicit maximum serialized signed-session size and fails closed by clearing an oversized session rather than emitting a truncation-prone cookie.
v5.0.0-3.4.1,Web Frontend Security,Browser Security Mechanism Headers,1,Applicable,Automated,tests/security/test_web_frontend_security_controls.py::test_managed_nginx_emits_hsts_for_tls_responses; tests/security/test_web_frontend_security_controls.py::test_application_emits_browser_security_headers,Managed TLS responses enforce HSTS for at least one year including subdomains.
v5.0.0-3.4.2,Web Frontend Security,Browser Security Mechanism Headers,1,Not Applicable,Not Applicable,,Journeyman does not expose a browser cross-origin API and does not emit Access-Control-Allow-Origin.
v5.0.0-3.4.3,Web Frontend Security,Browser Security Mechanism Headers,2,Applicable,Automated,tests/security/test_asvs_automated_closeout.py::test_csp_uses_per_response_nonce_without_unsafe_inline; tests/security/test_asvs_automated_closeout.py::test_templates_have_no_inline_event_handlers_or_style_attributes; tests/security/test_asvs_automated_closeout.py::test_all_inline_script_and_style_blocks_carry_csp_nonce,Every response receives a fresh CSP nonce; unsafe-inline is removed and regression tests prohibit inline event/style attributes and unnonced inline script/style blocks.
v5.0.0-3.4.4,Web Frontend Security,Browser Security Mechanism Headers,2,Applicable,Automated,tests/security/test_web_frontend_security_controls.py::test_application_emits_browser_security_headers,All application responses receive X-Content-Type-Options: nosniff.
v5.0.0-3.4.5,Web Frontend Security,Browser Security Mechanism Headers,2,Applicable,Automated,tests/security/test_web_frontend_security_controls.py::test_application_emits_browser_security_headers,Application responses use Referrer-Policy: same-origin.
v5.0.0-3.4.6,Web Frontend Security,Browser Security Mechanism Headers,2,Applicable,Automated,tests/security/test_web_frontend_security_controls.py::test_application_emits_browser_security_headers,CSP frame-ancestors none prevents embedding by default.
v5.0.0-3.4.7,Web Frontend Security,Browser Security Mechanism Headers,3,Applicable,Deferred,,CSP violation reporting is not configured.
v5.0.0-3.4.8,Web Frontend Security,Browser Security Mechanism Headers,3,Applicable,Automated,tests/security/test_web_frontend_security_controls.py::test_application_emits_browser_security_headers,Document responses receive Cross-Origin-Opener-Policy: same-origin.
v5.0.0-3.5.1,Web Frontend Security,Browser Origin Separation,1,Applicable,Automated,tests/test_csrf.py,State-changing browser requests are protected with server-validated CSRF tokens.
v5.0.0-3.5.2,Web Frontend Security,Browser Origin Separation,1,Not Applicable,Not Applicable,,Journeyman does not rely on CORS preflight as its authorization or CSRF control.
v5.0.0-3.5.3,Web Frontend Security,Browser Origin Separation,1,Applicable,Manually Verified,docs/security/WEB_FRONTEND_SECURITY.md; tests/test_csrf.py,State-changing UI operations use non-safe methods and CSRF protection; route review is documented.
v5.0.0-3.5.4,Web Frontend Security,Browser Origin Separation,2,Not Applicable,Not Applicable,,Journeyman is a single web application origin; there are no separately hosted cooperating browser applications requiring origin isolation.
v5.0.0-3.5.5,Web Frontend Security,Browser Origin Separation,2,Not Applicable,Not Applicable,,Journeyman does not use the browser postMessage interface.
v5.0.0-3.5.6,Web Frontend Security,Browser Origin Separation,3,Applicable,Automated,tests/security/test_web_frontend_security_controls.py::test_frontend_does_not_use_postmessage_jsonp_or_obsolete_plugin_technologies,Frontend source regression test prohibits JSONP usage.
v5.0.0-3.5.7,Web Frontend Security,Browser Origin Separation,3,Not Applicable,Not Applicable,,Journeyman does not return authorization-protected data through JavaScript resource responses.
v5.0.0-3.5.8,Web Frontend Security,Browser Origin Separation,3,Applicable,Automated,tests/security/test_web_frontend_security_controls.py::test_application_emits_browser_security_headers,Authenticated resources are constrained with Cross-Origin-Resource-Policy: same-origin.
v5.0.0-3.6.1,Web Frontend Security,External Resource Integrity,3,Applicable,Automated,tests/security/test_web_frontend_security_controls.py::test_client_assets_are_local_not_third_party_dependencies,Current executable/style client assets are served locally; there are no external CDN assets requiring SRI.
v5.0.0-3.7.1,Web Frontend Security,Other Browser Security Considerations,2,Applicable,Automated,tests/security/test_web_frontend_security_controls.py::test_frontend_does_not_use_postmessage_jsonp_or_obsolete_plugin_technologies,Frontend source regression test prohibits obsolete plugin technologies.
v5.0.0-3.7.2,Web Frontend Security,Other Browser Security Considerations,2,Applicable,Automated,tests/security/test_web_frontend_security_controls.py::test_login_redirect_rejects_external_destinations,User-controlled login redirect destinations are restricted to same-application relative paths.
v5.0.0-3.7.3,Web Frontend Security,Other Browser Security Considerations,3,Not Applicable,Not Applicable,,Journeyman has no intended automatic navigation to external domains; user-controlled external login redirects are rejected rather than warned/allowed.
v5.0.0-3.7.4,Web Frontend Security,Other Browser Security Considerations,3,Not Applicable,Not Applicable,,Journeyman has no single public top-level domain suitable for universal browser HSTS preload; deployments may use private DNS names.
v5.0.0-3.7.5,Web Frontend Security,Other Browser Security Considerations,3,Applicable,Deferred,,Journeyman documents required browser security mechanisms but does not perform browser capability detection and block/warn unsupported clients.
v5.0.0-4.1.1,API and Web Service,Generic Web Service Security,1,Applicable,Automated,tests/security/test_api_web_service_controls.py::test_api_response_content_type_and_length_match_body,API responses declare media types matching their bodies; JSON uses the JSON media type and UTF-8 semantics.
v5.0.0-4.1.2,API and Web Service,Generic Web Service Security,2,Applicable,Automated,tests/security/test_api_web_service_controls.py::test_managed_http_listener_does_not_redirect_api_requests_to_https,Managed HTTP listener redirects human-facing paths but returns 426 for /api/ so machine clients cannot hide an insecure first hop behind a redirect.
v5.0.0-4.1.3,API and Web Service,Generic Web Service Security,2,Applicable,Automated,tests/security/test_api_web_service_controls.py::test_proxy_headers_are_owned_by_single_loopback_reverse_proxy,Packaged Gunicorn binds loopback only; ProductionConfig trusts one proxy and managed Nginx controls forwarded headers.
v5.0.0-4.1.4,API and Web Service,Generic Web Service Security,3,Applicable,Automated,tests/security/test_api_web_service_controls.py::test_runner_api_blocks_unsupported_http_methods,Flask route method declarations reject unsupported API methods with HTTP 405.
v5.0.0-4.1.5,API and Web Service,Generic Web Service Security,3,Applicable,Deferred,,"Highly sensitive runner traffic uses TLS, runner authentication, dispatch tokens and AEAD execution-data envelopes, but Journeyman does not add a separate per-message digital signature to all sensitive API transactions."
v5.0.0-4.2.1,API and Web Service,HTTP Message Structure Validation,2,Applicable,Manually Verified,docs/security/V4.2.1-http-request-framing-test.md,"Deployed Nginx -> Gunicorn -> Journeyman chain manually tested with conflicting Content-Length, Content-Length plus Transfer-Encoding, duplicate Transfer-Encoding, and malformed chunk framing. All malformed requests were rejected with HTTP 400."
v5.0.0-4.2.2,API and Web Service,HTTP Message Structure Validation,3,Applicable,Automated,tests/security/test_api_web_service_controls.py::test_api_response_content_type_and_length_match_body,Framework-generated API responses use consistent body framing and Content-Length.
v5.0.0-4.2.3,API and Web Service,HTTP Message Structure Validation,3,Not Applicable,Not Applicable,,"Managed Journeyman Nginx configuration does not enable HTTP/2 or HTTP/3, so HTTP/2/3 connection-specific header handling is outside the current deployment surface."
v5.0.0-4.2.4,API and Web Service,HTTP Message Structure Validation,3,Not Applicable,Not Applicable,,"Managed Journeyman Nginx configuration does not enable HTTP/2 or HTTP/3, so HTTP/2/3 header CR/LF validation is outside the current deployment surface."
v5.0.0-4.2.5,API and Web Service,HTTP Message Structure Validation,3,Applicable,Automated,tests/security/test_asvs_automated_closeout.py::test_outbound_urls_have_explicit_length_bound; app/services/outbound_security.py,"Central outbound validation bounds administrator-configured HTTP/HTTPS request targets and generated authentication header values, and rejects CR/LF header injection."
v5.0.0-4.3.1,API and Web Service,GraphQL,2,Not Applicable,Not Applicable,,Journeyman does not implement GraphQL.
v5.0.0-4.3.2,API and Web Service,GraphQL,2,Not Applicable,Not Applicable,,Journeyman does not implement GraphQL.
v5.0.0-4.4.1,API and Web Service,WebSocket,1,Not Applicable,Not Applicable,,Journeyman does not implement WebSocket; browser live updates use Server-Sent Events over HTTPS.
v5.0.0-4.4.2,API and Web Service,WebSocket,2,Not Applicable,Not Applicable,,Journeyman does not implement WebSocket.
v5.0.0-4.4.3,API and Web Service,WebSocket,2,Not Applicable,Not Applicable,,Journeyman does not implement WebSocket or dedicated WebSocket session tokens.
v5.0.0-4.4.4,API and Web Service,WebSocket,2,Not Applicable,Not Applicable,,Journeyman does not implement WebSocket or WebSocket session-token transitions.
v5.0.0-5.1.1,File Handling,File Handling Documentation,2,Not Applicable,Not Applicable,docs/security/FILE_HANDLING.md,Journeyman has no end-user file-upload feature; repository automation content is obtained from administrator-configured Git sources.
v5.0.0-5.2.1,File Handling,File Upload and Content,1,Not Applicable,Not Applicable,docs/security/FILE_HANDLING.md,Journeyman has no browser/user file-upload feature to which an upload size limit applies.
v5.0.0-5.2.2,File Handling,File Upload and Content,1,Not Applicable,Not Applicable,docs/security/FILE_HANDLING.md,Journeyman does not accept user-uploaded files requiring extension/content-type validation.
v5.0.0-5.2.3,File Handling,File Upload and Content,2,Not Applicable,Not Applicable,docs/security/FILE_HANDLING.md,Journeyman does not accept user-uploaded compressed archives.
v5.0.0-5.2.4,File Handling,File Upload and Content,3,Not Applicable,Not Applicable,docs/security/FILE_HANDLING.md,Journeyman has no per-user file-upload/storage facility.
v5.0.0-5.2.5,File Handling,File Upload and Content,3,Not Applicable,Not Applicable,docs/security/FILE_HANDLING.md,Journeyman does not accept compressed file uploads from users.
v5.0.0-5.2.6,File Handling,File Upload and Content,3,Not Applicable,Not Applicable,docs/security/FILE_HANDLING.md,Journeyman does not accept image uploads.
v5.0.0-5.3.1,File Handling,File Storage,1,Not Applicable,Not Applicable,docs/security/FILE_HANDLING.md,Journeyman does not store user-uploaded files in a public web-served directory.
v5.0.0-5.3.2,File Handling,File Storage,1,Applicable,Automated,tests/security/test_file_handling_controls.py::test_repository_path_cannot_escape_configured_root; tests/security/test_file_handling_controls.py::test_runner_artifact_filename_uses_internal_ids_not_repository_name; tests/test_environments.py::test_environment_rejects_parent_traversal_in_ansible_config_path,Application-managed paths are derived from internal IDs/trusted values and path traversal is rejected; administrator-configurable paths use semantic validation.
v5.0.0-5.3.3,File Handling,File Storage,3,Applicable,Automated,tests/security/test_file_handling_controls.py::test_remote_runner_safe_extract_rejects_parent_traversal; tests/security/test_file_handling_controls.py::test_remote_runner_safe_extract_rejects_symlink_and_hardlink; tests/security/test_file_handling_controls.py::test_remote_runner_safe_extract_rejects_special_files,"Remote runner archive extraction rejects destination escape, links, and special files before extracting regular files/directories."
v5.0.0-5.4.1,File Handling,File Download,2,Applicable,Automated,tests/security/test_file_handling_controls.py::test_runner_artifact_filename_uses_internal_ids_not_repository_name; tests/test_runners.py::test_remote_runner_downloads_checksum_verified_repository_artifact,Repository artifact download names are generated from internal snapshot/commit identifiers and served as attachments.
v5.0.0-5.4.2,File Handling,File Download,2,Applicable,Automated,tests/security/test_file_handling_controls.py::test_runner_artifact_filename_uses_internal_ids_not_repository_name; tests/test_runners.py::test_remote_runner_downloads_checksum_verified_repository_artifact,Untrusted repository/display names cannot control Content-Disposition; Flask receives a generated safe download_name.
v5.0.0-5.4.3,File Handling,File Download,2,Not Applicable,Not Applicable,docs/security/FILE_HANDLING.md,Journeyman does not serve user-supplied files to end users. Runner repository artefacts are administrator-configured automation source generated from an immutable Git commit and delivered only to authenticated runners.
v5.0.0-6.1.1,Authentication,Authentication Documentation,1,Applicable,Automated,tests/security/test_authentication_rate_limiting.py,Journeyman enforces bounded per-source and per-account/source login attempts with HTTP 429 responses and audit logging.
v5.0.0-6.1.2,Authentication,Authentication Documentation,2,Not Applicable,Not Applicable,,Journeyman does not allow users to create or change application-owned passwords; password policy belongs to Active Directory.
v5.0.0-6.1.3,Authentication,Authentication Documentation,2,Applicable,Manually Verified,docs/security/AUTHENTICATION.md,"The normal LDAP pathway and local break-glass fallback administrator pathway are documented together, including their differing security properties."
v5.0.0-6.2.1,Authentication,Password Security,1,Not Applicable,Not Applicable,,Journeyman has no user registration/password-setting facility; Active Directory owns minimum password length.
v5.0.0-6.2.2,Authentication,Password Security,1,Not Applicable,Not Applicable,,Journeyman does not own user passwords or provide password-change functionality; users change directory passwords outside Journeyman.
v5.0.0-6.2.3,Authentication,Password Security,1,Not Applicable,Not Applicable,,Journeyman provides no password-change endpoint.
v5.0.0-6.2.4,Authentication,Password Security,1,Not Applicable,Not Applicable,,Journeyman provides no account registration or password-change endpoint; password blocklist policy belongs to Active Directory.
v5.0.0-6.2.5,Authentication,Password Security,1,Not Applicable,Not Applicable,,Journeyman does not define composition rules for user-set passwords because it does not set or change directory passwords.
v5.0.0-6.2.6,Authentication,Password Security,1,Applicable,Automated,tests/security/test_authentication_controls.py::test_login_password_field_is_masked_and_does_not_disable_paste,Interactive password entry is masked with an HTML password field.
v5.0.0-6.2.7,Authentication,Password Security,1,Applicable,Automated,tests/security/test_authentication_controls.py::test_login_password_field_is_masked_and_does_not_disable_paste,Journeyman does not disable paste and advertises current-password autocomplete for password-manager/browser integration.
v5.0.0-6.2.8,Authentication,Password Security,1,Applicable,Automated,tests/security/test_authentication_controls.py::test_login_passes_password_to_directory_exactly_as_received,"The submitted password is forwarded to directory authentication without trimming, case conversion, or truncation."
v5.0.0-6.2.9,Authentication,Password Security,2,Applicable,Automated,tests/security/test_authentication_controls.py::test_login_allows_password_longer_than_64_characters,Journeyman forwards a 128-character password without application-side truncation or rejection.
v5.0.0-6.2.10,Authentication,Password Security,2,Not Applicable,Not Applicable,,Journeyman has no application-owned password expiry or rotation policy; directory credential lifetime belongs to Active Directory.
v5.0.0-6.2.11,Authentication,Password Security,2,Not Applicable,Not Applicable,,Journeyman does not create or change user passwords; context-specific password blocklists belong to Active Directory.
v5.0.0-6.2.12,Authentication,Password Security,2,Not Applicable,Not Applicable,,Journeyman does not create or change user passwords; breached-password screening belongs to Active Directory.
v5.0.0-6.3.1,Authentication,General Authentication Security,1,Applicable,Automated,tests/security/test_authentication_rate_limiting.py,Journeyman enforces bounded per-source and per-account/source login attempts with HTTP 429 responses and audit logging.
v5.0.0-6.3.2,Authentication,General Authentication Security,1,Applicable,Automated,tests/security/test_authentication_controls.py::test_fallback_administrator_is_unusable_until_hash_is_provisioned; tests/security/test_authentication_controls.py::test_fallback_administrator_rejects_unsafe_hash_file_permissions,The configured fallback administrator has no usable default credential and remains unusable until an administrator explicitly provisions a safely protected password hash.
v5.0.0-6.3.3,Authentication,General Authentication Security,2,Applicable,Deferred,docs/security/AUTHENTICATION.md,Journeyman currently authenticates interactive users by direct LDAP password bind and does not enforce or verify a second authentication factor.
v5.0.0-6.3.4,Authentication,General Authentication Security,2,Applicable,Automated,tests/security/test_break_glass_lifecycle.py; docs/security/AUTHENTICATION.md,"The fallback administrator is a server-provisioned emergency pathway with a fixed non-renewable 60-minute lifetime, immediate expiry on logout, server-side deadline enforcement, revocation of all fallback sessions, explicit browser warnings, and audit evidence. Re-entry requires a fresh server-admin activation."
v5.0.0-6.3.5,Authentication,General Authentication Security,3,Applicable,Deferred,docs/security/AUTHENTICATION.md,"Authentication attempts are logged/audited, but Journeyman does not currently notify affected users of suspicious authentication attempts."
v5.0.0-6.3.6,Authentication,General Authentication Security,3,Not Applicable,Not Applicable,,Journeyman does not use email as an authentication factor.
v5.0.0-6.3.7,Authentication,General Authentication Security,3,Not Applicable,Not Applicable,,"Journeyman does not provide user credential, username, or email modification functionality."
v5.0.0-6.3.8,Authentication,General Authentication Security,3,Applicable,Deferred,docs/security/AUTHENTICATION.md,"LDAP failures are generic, but the fallback path is distinguishable and equivalent response timing/user-enumeration resistance has not been demonstrated."
v5.0.0-6.4.1,Authentication,Authentication Factor Lifecycle and Recovery,1,Not Applicable,Not Applicable,,"Journeyman does not issue initial user passwords or activation codes. The fallback administrator password is an explicitly generated break-glass credential, not an enrollment secret."
v5.0.0-6.4.2,Authentication,Authentication Factor Lifecycle and Recovery,1,Applicable,Automated,tests/security/test_authentication_controls.py::test_login_page_has_no_password_hint_or_knowledge_question_fields; docs/security/AUTHENTICATION.md,Journeyman exposes no password hints or knowledge-based authentication questions.
v5.0.0-6.4.3,Authentication,Authentication Factor Lifecycle and Recovery,2,Not Applicable,Not Applicable,,Journeyman has no forgotten-password reset mechanism; directory password recovery is external.
v5.0.0-6.4.4,Authentication,Authentication Factor Lifecycle and Recovery,2,Not Applicable,Not Applicable,,Journeyman does not enroll or recover application-owned MFA factors.
v5.0.0-6.4.5,Authentication,Authentication Factor Lifecycle and Recovery,3,Not Applicable,Not Applicable,,Journeyman does not issue expiring user authentication mechanisms.
v5.0.0-6.4.6,Authentication,Authentication Factor Lifecycle and Recovery,3,Not Applicable,Not Applicable,,Journeyman administrators cannot reset or choose Active Directory user passwords through Journeyman.
v5.0.0-6.5.1,Authentication,General Multi-factor authentication requirements,2,Not Applicable,Not Applicable,,"Journeyman does not implement lookup secrets, OOB authentication codes, or TOTP."
v5.0.0-6.5.2,Authentication,General Multi-factor authentication requirements,2,Not Applicable,Not Applicable,,Journeyman does not store lookup secrets or TOTP seeds for user authentication.
v5.0.0-6.5.3,Authentication,General Multi-factor authentication requirements,2,Not Applicable,Not Applicable,,"Journeyman does not generate lookup secrets, OOB authentication codes, or TOTP seeds for user authentication."
v5.0.0-6.5.4,Authentication,General Multi-factor authentication requirements,2,Not Applicable,Not Applicable,,Journeyman does not implement lookup-secret or OOB-code authentication.
v5.0.0-6.5.5,Authentication,General Multi-factor authentication requirements,2,Not Applicable,Not Applicable,,Journeyman does not implement OOB or TOTP authentication.
v5.0.0-6.5.6,Authentication,General Multi-factor authentication requirements,3,Not Applicable,Not Applicable,,Journeyman does not own end-user MFA factors; factor revocation belongs to the external identity platform.
v5.0.0-6.5.7,Authentication,General Multi-factor authentication requirements,3,Not Applicable,Not Applicable,,Journeyman does not implement biometric authentication.
v5.0.0-6.5.8,Authentication,General Multi-factor authentication requirements,3,Not Applicable,Not Applicable,,Journeyman does not implement TOTP authentication.
v5.0.0-6.6.1,Authentication,Out-of-Band authentication mechanisms,2,Not Applicable,Not Applicable,,Journeyman does not use PSTN/SMS OTP authentication.
v5.0.0-6.6.2,Authentication,Out-of-Band authentication mechanisms,2,Not Applicable,Not Applicable,,Journeyman does not implement out-of-band authentication requests/codes/tokens.
v5.0.0-6.6.3,Authentication,Out-of-Band authentication mechanisms,2,Not Applicable,Not Applicable,,Journeyman does not implement code-based out-of-band authentication.
v5.0.0-6.6.4,Authentication,Out-of-Band authentication mechanisms,3,Not Applicable,Not Applicable,,Journeyman does not use push notifications for authentication.
v5.0.0-6.7.1,Authentication,Cryptographic authentication mechanism,3,Not Applicable,Not Applicable,,Journeyman does not implement end-user cryptographic authentication assertions/certificates.
v5.0.0-6.7.2,Authentication,Cryptographic authentication mechanism,3,Not Applicable,Not Applicable,,Journeyman does not implement challenge-response cryptographic end-user authentication.
v5.0.0-6.8.1,Authentication,Authentication with an Identity Provider,2,Not Applicable,Not Applicable,,Journeyman does not accept federated authentication assertions from multiple identity providers; configured LDAPS servers are replicas/endpoints for the same directory authentication model.
v5.0.0-6.8.2,Authentication,Authentication with an Identity Provider,2,Not Applicable,Not Applicable,,"Journeyman does not consume JWT, SAML, OIDC, or other signed federated authentication assertions for interactive login."
v5.0.0-6.8.3,Authentication,Authentication with an Identity Provider,2,Not Applicable,Not Applicable,,Journeyman does not consume SAML assertions.
v5.0.0-6.8.4,Authentication,Authentication with an Identity Provider,2,Not Applicable,Not Applicable,,Journeyman does not consume federated IdP assertions containing authentication-strength/recentness claims; direct LDAP bind is assessed under the applicable general authentication controls.
v5.0.0-7.1.1,Session Management,Session Management Documentation,2,Applicable,Automated,tests/security/test_session_management_controls.py::test_absolute_session_lifetime_is_enforced_server_side; docs/security/SESSION_MANAGEMENT.md,Journeyman documents and enforces both the eight-hour sliding inactivity lifetime and an independent server-side absolute lifetime.
v5.0.0-7.1.2,Session Management,Session Management Documentation,2,Applicable,Manually Verified,docs/security/SESSION_MANAGEMENT.md,Concurrent browser sessions are currently unlimited; the documented behaviour is that no automatic action is taken when additional sessions are created.
v5.0.0-7.1.3,Session Management,Session Management Documentation,2,Not Applicable,Not Applicable,,Journeyman uses direct LDAP authentication and is not currently part of a federated SAML/OIDC browser-session ecosystem.
v5.0.0-7.2.1,Session Management,Fundamental Session Management Security,1,Applicable,Automated,tests/security/test_session_management_controls.py::test_tampered_session_cookie_does_not_authenticate,Flask verifies the signed self-contained browser session cookie on the trusted backend before the identity is loaded.
v5.0.0-7.2.2,Session Management,Fundamental Session Management Security,1,Applicable,Automated,tests/security/test_session_management_controls.py::test_login_replaces_pre_authentication_session_cookie,Interactive sessions use dynamically issued signed Flask session cookies rather than static API secrets or keys.
v5.0.0-7.2.3,Session Management,Fundamental Session Management Security,1,Not Applicable,Not Applicable,,"Journeyman interactive browser sessions use self-contained signed cookies, not server-side reference tokens."
v5.0.0-7.2.4,Session Management,Fundamental Session Management Security,1,Applicable,Automated,tests/security/test_session_management_controls.py::test_login_replaces_pre_authentication_session_cookie,Successful authentication clears pre-authentication session state and issues a different signed session value.
v5.0.0-7.3.1,Session Management,Session Timeout,2,Applicable,Automated,tests/security/test_session_management_controls.py::test_authenticated_session_uses_documented_sliding_inactivity_timeout,"Authenticated sessions are permanent Flask sessions with an 8-hour lifetime and per-request refresh, implementing the documented sliding inactivity timeout."
v5.0.0-7.3.2,Session Management,Session Timeout,2,Applicable,Automated,tests/security/test_session_management_controls.py::test_absolute_session_lifetime_is_enforced_server_side,The server-side authenticated-session registry expires continuously active sessions after the configured absolute lifetime.
v5.0.0-7.4.1,Session Management,Session Termination,1,Applicable,Automated,tests/security/test_session_management_controls.py::test_logout_revokes_copied_session_cookie_server_side,"Logout revokes the server-side session record, so a previously copied otherwise-valid signed cookie cannot be replayed."
v5.0.0-7.4.2,Session Management,Session Termination,1,Applicable,Automated,tests/security/test_directory_session_revalidation.py,LDAP-authenticated sessions are periodically revalidated against AD; disabled/deleted/replaced/unassigned users have their server-side session revoked.
v5.0.0-7.4.3,Session Management,Session Termination,2,Not Applicable,Not Applicable,,"Journeyman does not provide password, MFA, recovery-factor, email, or telephone change/removal workflows; authentication-factor lifecycle is owned by Active Directory."
v5.0.0-7.4.4,Session Management,Session Termination,2,Applicable,Automated,tests/security/test_session_management_controls.py::test_authenticated_pages_expose_visible_logout_control,The common authenticated application layout exposes a visible CSRF-protected Sign out control.
v5.0.0-7.4.5,Session Management,Session Termination,2,Applicable,Deferred,docs/security/SESSION_MANAGEMENT.md,Journeyman administrators do not currently have a facility to terminate active browser sessions for one user or all users.
v5.0.0-7.5.1,Session Management,Defenses Against Session Abuse,2,Not Applicable,Not Applicable,,"Journeyman does not expose user-editable email, phone, MFA, recovery, or other authentication/account-recovery attributes."
v5.0.0-7.5.2,Session Management,Defenses Against Session Abuse,2,Applicable,Deferred,docs/security/SESSION_MANAGEMENT.md,Users cannot currently view their active Journeyman sessions or re-authenticate to terminate individual/all sessions.
v5.0.0-7.5.3,Session Management,Defenses Against Session Abuse,3,Applicable,Deferred,docs/security/SESSION_MANAGEMENT.md,Journeyman does not currently require step-up re-authentication before highly sensitive operations; Package confirmations are not authentication factors.
v5.0.0-7.6.1,Session Management,Federated Re-authentication,2,Not Applicable,Not Applicable,,Journeyman is not currently a federated SAML/OIDC Relying Party with an external IdP browser session to coordinate.
v5.0.0-7.6.2,Session Management,Federated Re-authentication,2,Applicable,Automated,tests/security/test_session_management_controls.py::test_session_creation_requires_explicit_successful_login,An authenticated Journeyman browser session is created only after an explicit successful login POST; passive page visits do not create one.
v5.0.0-8.1.1,Authorization,Authorization Documentation,1,Applicable,Manually Verified,docs/security/AUTHORIZATION.md,Authorization documentation defines function-level and object/data-level rules.
v5.0.0-8.1.2,Authorization,Authorization Documentation,2,Applicable,Manually Verified,docs/security/AUTHORIZATION.md,"Authorization documentation defines field-level restrictions, including owner-only Credential secret reveal."
v5.0.0-8.1.3,Authorization,Authorization Documentation,3,Not Applicable,Not Applicable,,"Journeyman does not use environmental/contextual attributes such as time, location, IP address, or device posture in authentication or authorization decisions; this is explicitly documented in docs/security/AUTHORIZATION.md."
v5.0.0-8.1.4,Authorization,Authorization Documentation,3,Not Applicable,Not Applicable,,No environmental/contextual authorization factors are used by the current Journeyman authorization model; adaptive authorization is not implemented.
v5.0.0-8.2.1,Authorization,General Authorization Design,1,Applicable,Automated,tests/test_project_package_routes.py::test_package_administration_routes_remain_admin_only; tests/test_directory_access_control.py::test_non_admin_cannot_view_directory_pages; tests/test_runners.py::test_runners_page_is_admin_only,Function-level restrictions are enforced server-side on representative administrative surfaces.
v5.0.0-8.2.2,Authorization,General Authorization Design,1,Applicable,Automated,tests/test_project_package_routes.py (cross-user Job detail denial); tests/test_execution_slices.py::test_job_slice_output_route_blocks_unrelated_user; tests/test_execution_slices.py::test_job_step_output_route_blocks_unrelated_user; tests/security/test_authorization_controls.py::test_job_object_authorization_is_bound_to_requesting_subject,Job ownership checks prevent direct object access to another user's Job and output.
v5.0.0-8.2.3,Authorization,General Authorization Design,2,Applicable,Automated,tests/test_credential_reveal.py::test_non_owner_admin_cannot_reveal_secret; tests/test_credential_reveal.py::test_reveal_button_is_visible_only_to_owner; tests/security/test_authorization_controls.py::test_secret_reveal_is_field_level_owner_only_even_for_admin,Sensitive Credential fields have stricter authorization than the containing object.
v5.0.0-8.2.4,Authorization,General Authorization Design,3,Not Applicable,Not Applicable,,Journeyman currently makes no adaptive authorization decisions from environmental/contextual attributes.
v5.0.0-8.3.1,Authorization,Operation Level Authorization,1,Applicable,Automated,tests/test_project_package_routes.py::test_unauthorised_user_cannot_post_package_values; tests/test_project_package_routes.py::test_package_administration_routes_remain_admin_only; tests/test_execution_slices.py::test_job_slice_output_route_blocks_unrelated_user,Direct HTTP requests are denied by trusted server-side authorization; browser controls are not relied upon.
v5.0.0-8.3.2,Authorization,Operation Level Authorization,3,Applicable,Automated,tests/security/test_directory_session_revalidation.py::test_disabled_or_deleted_directory_user_revokes_active_session; tests/security/test_directory_session_revalidation.py::test_directory_revalidation_refreshes_role_and_group_snapshot,Active LDAP-authenticated sessions are periodically revalidated against Active Directory; disabled/deleted identities are revoked and changed role/group membership is refreshed server-side.
v5.0.0-8.3.3,Authorization,Operation Level Authorization,3,Applicable,Automated,tests/test_runners.py::test_remote_runner_does_not_claim_mismatched_job; tests/test_runners.py::test_remote_runner_lifecycle_rejects_wrong_dispatch_token; tests/test_runners.py::test_remote_runner_artifact_rejects_wrong_runner_or_token; docs/security/AUTHORIZATION.md,"Delegated runner access is constrained to centrally authorized, assigned Jobs and cannot use the runner service identity to select arbitrary user work."
v5.0.0-8.4.1,Authorization,Other Authorization Considerations,2,Not Applicable,Not Applicable,,Journeyman is not currently a multi-tenant application and has no tenant security boundary.
v5.0.0-8.4.2,Authorization,Other Authorization Considerations,3,Applicable,Deferred,docs/security/AUTHORIZATION.md,"Administrative routes have server-side role checks, but ASVS L3 continuous identity verification, device posture assessment, and contextual risk analysis are not implemented."
v5.0.0-9.1.1,Self-contained Tokens,Token source and integrity,1,Applicable,Automated,tests/security/test_session_management_controls.py::test_tampered_session_cookie_does_not_authenticate,Flask verifies the signed session cookie before accepting its contents; tampered signatures do not authenticate.
v5.0.0-9.1.2,Self-contained Tokens,Token source and integrity,1,Applicable,Manually Verified,docs/security/TOKEN_OAUTH_WEBRTC_APPLICABILITY.md,Flask selects the session signing mechanism server-side; the cookie cannot negotiate an algorithm and does not carry a None-style algorithm selector.
v5.0.0-9.1.3,Self-contained Tokens,Token source and integrity,1,Applicable,Manually Verified,docs/security/TOKEN_OAUTH_WEBRTC_APPLICABILITY.md,The verifier key comes from the preconfigured Journeyman SECRET_KEY; Flask session cookies do not provide attacker-selected key discovery URLs or embedded verifier keys.
v5.0.0-9.2.1,Self-contained Tokens,Token content,1,Applicable,Automated,tests/security/test_session_management_controls.py::test_authenticated_session_uses_documented_sliding_inactivity_timeout,Permanent Flask sessions are timestamped and validated against Journeyman's configured eight-hour session lifetime.
v5.0.0-9.2.2,Self-contained Tokens,Token content,2,Applicable,Manually Verified,docs/security/TOKEN_OAUTH_WEBRTC_APPLICABILITY.md,The browser authentication path consumes the Flask session cookie only as a Journeyman browser session; Journeyman has no generic token-type dispatch which reinterprets other token classes as sessions.
v5.0.0-9.2.3,Self-contained Tokens,Token content,2,Applicable,Deferred,,Flask signed session cookies do not contain an explicit audience claim. A deployment-specific secret and __Host-journeyman_session cookie scope reduce cross-context reuse but do not provide cryptographic audience validation.
v5.0.0-9.2.4,Self-contained Tokens,Token content,2,Not Applicable,Not Applicable,,Journeyman requires a deployment-specific Flask session signing secret and does not intentionally use that same signing key to issue self-contained tokens for multiple audiences.
v5.0.0-10.1.1,OAuth and OIDC,Generic OAuth and OIDC Security,2,Not Applicable,Not Applicable,,"Journeyman does not implement OAuth 2.x or OpenID Connect as a client, resource server, authorization server, relying party, OpenID Provider, or consent service; see docs/security/TOKEN_OAUTH_WEBRTC_APPLICABILITY.md."
v5.0.0-10.1.2,OAuth and OIDC,Generic OAuth and OIDC Security,2,Not Applicable,Not Applicable,,"Journeyman does not implement OAuth 2.x or OpenID Connect as a client, resource server, authorization server, relying party, OpenID Provider, or consent service; see docs/security/TOKEN_OAUTH_WEBRTC_APPLICABILITY.md."
v5.0.0-10.2.1,OAuth and OIDC,OAuth Client,2,Not Applicable,Not Applicable,,"Journeyman does not implement OAuth 2.x or OpenID Connect as a client, resource server, authorization server, relying party, OpenID Provider, or consent service; see docs/security/TOKEN_OAUTH_WEBRTC_APPLICABILITY.md."
v5.0.0-10.2.2,OAuth and OIDC,OAuth Client,2,Not Applicable,Not Applicable,,"Journeyman does not implement OAuth 2.x or OpenID Connect as a client, resource server, authorization server, relying party, OpenID Provider, or consent service; see docs/security/TOKEN_OAUTH_WEBRTC_APPLICABILITY.md."
v5.0.0-10.2.3,OAuth and OIDC,OAuth Client,3,Not Applicable,Not Applicable,,"Journeyman does not implement OAuth 2.x or OpenID Connect as a client, resource server, authorization server, relying party, OpenID Provider, or consent service; see docs/security/TOKEN_OAUTH_WEBRTC_APPLICABILITY.md."
v5.0.0-10.3.1,OAuth and OIDC,OAuth Resource Server,2,Not Applicable,Not Applicable,,"Journeyman does not implement OAuth 2.x or OpenID Connect as a client, resource server, authorization server, relying party, OpenID Provider, or consent service; see docs/security/TOKEN_OAUTH_WEBRTC_APPLICABILITY.md."
v5.0.0-10.3.2,OAuth and OIDC,OAuth Resource Server,2,Not Applicable,Not Applicable,,"Journeyman does not implement OAuth 2.x or OpenID Connect as a client, resource server, authorization server, relying party, OpenID Provider, or consent service; see docs/security/TOKEN_OAUTH_WEBRTC_APPLICABILITY.md."
v5.0.0-10.3.3,OAuth and OIDC,OAuth Resource Server,2,Not Applicable,Not Applicable,,"Journeyman does not implement OAuth 2.x or OpenID Connect as a client, resource server, authorization server, relying party, OpenID Provider, or consent service; see docs/security/TOKEN_OAUTH_WEBRTC_APPLICABILITY.md."
v5.0.0-10.3.4,OAuth and OIDC,OAuth Resource Server,2,Not Applicable,Not Applicable,,"Journeyman does not implement OAuth 2.x or OpenID Connect as a client, resource server, authorization server, relying party, OpenID Provider, or consent service; see docs/security/TOKEN_OAUTH_WEBRTC_APPLICABILITY.md."
v5.0.0-10.3.5,OAuth and OIDC,OAuth Resource Server,3,Not Applicable,Not Applicable,,"Journeyman does not implement OAuth 2.x or OpenID Connect as a client, resource server, authorization server, relying party, OpenID Provider, or consent service; see docs/security/TOKEN_OAUTH_WEBRTC_APPLICABILITY.md."
v5.0.0-10.4.1,OAuth and OIDC,OAuth Authorization Server,1,Not Applicable,Not Applicable,,"Journeyman does not implement OAuth 2.x or OpenID Connect as a client, resource server, authorization server, relying party, OpenID Provider, or consent service; see docs/security/TOKEN_OAUTH_WEBRTC_APPLICABILITY.md."
v5.0.0-10.4.2,OAuth and OIDC,OAuth Authorization Server,1,Not Applicable,Not Applicable,,"Journeyman does not implement OAuth 2.x or OpenID Connect as a client, resource server, authorization server, relying party, OpenID Provider, or consent service; see docs/security/TOKEN_OAUTH_WEBRTC_APPLICABILITY.md."
v5.0.0-10.4.3,OAuth and OIDC,OAuth Authorization Server,1,Not Applicable,Not Applicable,,"Journeyman does not implement OAuth 2.x or OpenID Connect as a client, resource server, authorization server, relying party, OpenID Provider, or consent service; see docs/security/TOKEN_OAUTH_WEBRTC_APPLICABILITY.md."
v5.0.0-10.4.4,OAuth and OIDC,OAuth Authorization Server,1,Not Applicable,Not Applicable,,"Journeyman does not implement OAuth 2.x or OpenID Connect as a client, resource server, authorization server, relying party, OpenID Provider, or consent service; see docs/security/TOKEN_OAUTH_WEBRTC_APPLICABILITY.md."
v5.0.0-10.4.5,OAuth and OIDC,OAuth Authorization Server,1,Not Applicable,Not Applicable,,"Journeyman does not implement OAuth 2.x or OpenID Connect as a client, resource server, authorization server, relying party, OpenID Provider, or consent service; see docs/security/TOKEN_OAUTH_WEBRTC_APPLICABILITY.md."
v5.0.0-10.4.6,OAuth and OIDC,OAuth Authorization Server,2,Not Applicable,Not Applicable,,"Journeyman does not implement OAuth 2.x or OpenID Connect as a client, resource server, authorization server, relying party, OpenID Provider, or consent service; see docs/security/TOKEN_OAUTH_WEBRTC_APPLICABILITY.md."
v5.0.0-10.4.7,OAuth and OIDC,OAuth Authorization Server,2,Not Applicable,Not Applicable,,"Journeyman does not implement OAuth 2.x or OpenID Connect as a client, resource server, authorization server, relying party, OpenID Provider, or consent service; see docs/security/TOKEN_OAUTH_WEBRTC_APPLICABILITY.md."
v5.0.0-10.4.8,OAuth and OIDC,OAuth Authorization Server,2,Not Applicable,Not Applicable,,"Journeyman does not implement OAuth 2.x or OpenID Connect as a client, resource server, authorization server, relying party, OpenID Provider, or consent service; see docs/security/TOKEN_OAUTH_WEBRTC_APPLICABILITY.md."
v5.0.0-10.4.9,OAuth and OIDC,OAuth Authorization Server,2,Not Applicable,Not Applicable,,"Journeyman does not implement OAuth 2.x or OpenID Connect as a client, resource server, authorization server, relying party, OpenID Provider, or consent service; see docs/security/TOKEN_OAUTH_WEBRTC_APPLICABILITY.md."
v5.0.0-10.4.10,OAuth and OIDC,OAuth Authorization Server,2,Not Applicable,Not Applicable,,"Journeyman does not implement OAuth 2.x or OpenID Connect as a client, resource server, authorization server, relying party, OpenID Provider, or consent service; see docs/security/TOKEN_OAUTH_WEBRTC_APPLICABILITY.md."
v5.0.0-10.4.11,OAuth and OIDC,OAuth Authorization Server,2,Not Applicable,Not Applicable,,"Journeyman does not implement OAuth 2.x or OpenID Connect as a client, resource server, authorization server, relying party, OpenID Provider, or consent service; see docs/security/TOKEN_OAUTH_WEBRTC_APPLICABILITY.md."
v5.0.0-10.4.12,OAuth and OIDC,OAuth Authorization Server,3,Not Applicable,Not Applicable,,"Journeyman does not implement OAuth 2.x or OpenID Connect as a client, resource server, authorization server, relying party, OpenID Provider, or consent service; see docs/security/TOKEN_OAUTH_WEBRTC_APPLICABILITY.md."
v5.0.0-10.4.13,OAuth and OIDC,OAuth Authorization Server,3,Not Applicable,Not Applicable,,"Journeyman does not implement OAuth 2.x or OpenID Connect as a client, resource server, authorization server, relying party, OpenID Provider, or consent service; see docs/security/TOKEN_OAUTH_WEBRTC_APPLICABILITY.md."
v5.0.0-10.4.14,OAuth and OIDC,OAuth Authorization Server,3,Not Applicable,Not Applicable,,"Journeyman does not implement OAuth 2.x or OpenID Connect as a client, resource server, authorization server, relying party, OpenID Provider, or consent service; see docs/security/TOKEN_OAUTH_WEBRTC_APPLICABILITY.md."
v5.0.0-10.4.15,OAuth and OIDC,OAuth Authorization Server,3,Not Applicable,Not Applicable,,"Journeyman does not implement OAuth 2.x or OpenID Connect as a client, resource server, authorization server, relying party, OpenID Provider, or consent service; see docs/security/TOKEN_OAUTH_WEBRTC_APPLICABILITY.md."
v5.0.0-10.4.16,OAuth and OIDC,OAuth Authorization Server,3,Not Applicable,Not Applicable,,"Journeyman does not implement OAuth 2.x or OpenID Connect as a client, resource server, authorization server, relying party, OpenID Provider, or consent service; see docs/security/TOKEN_OAUTH_WEBRTC_APPLICABILITY.md."
v5.0.0-10.5.1,OAuth and OIDC,OIDC Client,2,Not Applicable,Not Applicable,,"Journeyman does not implement OAuth 2.x or OpenID Connect as a client, resource server, authorization server, relying party, OpenID Provider, or consent service; see docs/security/TOKEN_OAUTH_WEBRTC_APPLICABILITY.md."
v5.0.0-10.5.2,OAuth and OIDC,OIDC Client,2,Not Applicable,Not Applicable,,"Journeyman does not implement OAuth 2.x or OpenID Connect as a client, resource server, authorization server, relying party, OpenID Provider, or consent service; see docs/security/TOKEN_OAUTH_WEBRTC_APPLICABILITY.md."
v5.0.0-10.5.3,OAuth and OIDC,OIDC Client,2,Not Applicable,Not Applicable,,"Journeyman does not implement OAuth 2.x or OpenID Connect as a client, resource server, authorization server, relying party, OpenID Provider, or consent service; see docs/security/TOKEN_OAUTH_WEBRTC_APPLICABILITY.md."
v5.0.0-10.5.4,OAuth and OIDC,OIDC Client,2,Not Applicable,Not Applicable,,"Journeyman does not implement OAuth 2.x or OpenID Connect as a client, resource server, authorization server, relying party, OpenID Provider, or consent service; see docs/security/TOKEN_OAUTH_WEBRTC_APPLICABILITY.md."
v5.0.0-10.5.5,OAuth and OIDC,OIDC Client,2,Not Applicable,Not Applicable,,"Journeyman does not implement OAuth 2.x or OpenID Connect as a client, resource server, authorization server, relying party, OpenID Provider, or consent service; see docs/security/TOKEN_OAUTH_WEBRTC_APPLICABILITY.md."
v5.0.0-10.6.1,OAuth and OIDC,OpenID Provider,2,Not Applicable,Not Applicable,,"Journeyman does not implement OAuth 2.x or OpenID Connect as a client, resource server, authorization server, relying party, OpenID Provider, or consent service; see docs/security/TOKEN_OAUTH_WEBRTC_APPLICABILITY.md."
v5.0.0-10.6.2,OAuth and OIDC,OpenID Provider,2,Not Applicable,Not Applicable,,"Journeyman does not implement OAuth 2.x or OpenID Connect as a client, resource server, authorization server, relying party, OpenID Provider, or consent service; see docs/security/TOKEN_OAUTH_WEBRTC_APPLICABILITY.md."
v5.0.0-10.7.1,OAuth and OIDC,Consent Management,2,Not Applicable,Not Applicable,,"Journeyman does not implement OAuth 2.x or OpenID Connect as a client, resource server, authorization server, relying party, OpenID Provider, or consent service; see docs/security/TOKEN_OAUTH_WEBRTC_APPLICABILITY.md."
v5.0.0-10.7.2,OAuth and OIDC,Consent Management,2,Not Applicable,Not Applicable,,"Journeyman does not implement OAuth 2.x or OpenID Connect as a client, resource server, authorization server, relying party, OpenID Provider, or consent service; see docs/security/TOKEN_OAUTH_WEBRTC_APPLICABILITY.md."
v5.0.0-10.7.3,OAuth and OIDC,Consent Management,2,Not Applicable,Not Applicable,,"Journeyman does not implement OAuth 2.x or OpenID Connect as a client, resource server, authorization server, relying party, OpenID Provider, or consent service; see docs/security/TOKEN_OAUTH_WEBRTC_APPLICABILITY.md."
v5.0.0-11.1.1,Cryptography,Cryptographic Inventory and Documentation,2,Applicable,Manually Verified,docs/security/CREDENTIAL_KEY_LIFECYCLE.md,"Credential key lifecycle, cryptoperiod, protected backup, routine rotation, emergency replacement, and old-key retirement requirements are documented."
v5.0.0-11.1.2,Cryptography,Cryptographic Inventory and Documentation,2,Applicable,Manually Verified,docs/security/CRYPTOGRAPHY.md,"Cryptographic inventory documents application keys, algorithms, purposes, storage and use boundaries."
v5.0.0-11.1.3,Cryptography,Cryptographic Inventory and Documentation,3,Applicable,Deferred,,Journeyman has source-review tests for selected primitives but does not yet employ a complete cryptographic discovery mechanism across application and deployment dependencies.
v5.0.0-11.1.4,Cryptography,Cryptographic Inventory and Documentation,3,Applicable,Deferred,,"The inventory records review triggers, but a detailed post-quantum migration plan and replacement schedule are not yet defined."
v5.0.0-11.2.1,Cryptography,Secure Cryptography Implementation,2,Applicable,Manually Verified,docs/security/CRYPTOGRAPHY.md,"Cryptographic operations use maintained cryptography, Flask/itsdangerous and Werkzeug implementations rather than application-defined algorithms."
v5.0.0-11.2.2,Cryptography,Secure Cryptography Implementation,2,Applicable,Automated,tests/security/test_credential_key_rotation.py,Stored credentials and job snapshots record key IDs; versioned keys remain decryptable during controlled transactional re-encryption.
v5.0.0-11.2.3,Cryptography,Secure Cryptography Implementation,2,Applicable,Automated,tests/security/test_cryptography_data_protection_controls.py::test_remote_execution_envelope_uses_authenticated_aes_256_gcm; tests/security/test_cryptography_data_protection_controls.py::test_runner_bootstrap_secrets_are_random_and_only_digests_are_stored,AES-256-GCM remote envelopes and high-entropy runner secrets meet or exceed the 128-bit security target; Fernet provides 128-bit symmetric security.
v5.0.0-11.2.4,Cryptography,Secure Cryptography Implementation,3,Applicable,Automated,tests/security/test_cryptography_data_protection_controls.py::test_dispatch_secret_comparisons_use_constant_time_comparison,Runner API authentication and dispatch assignment secret checks use constant-time digest comparison at the request boundary; underlying cryptographic primitives are delegated to maintained libraries.
v5.0.0-11.2.5,Cryptography,Secure Cryptography Implementation,3,Applicable,Automated,tests/security/test_cryptography_data_protection_controls.py::test_credential_ciphertext_is_authenticated_and_contains_no_plaintext; tests/security/test_cryptography_data_protection_controls.py::test_remote_execution_envelope_uses_authenticated_aes_256_gcm,Tampered authenticated ciphertext fails closed without returning plaintext.
v5.0.0-11.3.1,Cryptography,Encryption Algorithms,1,Applicable,Manually Verified,docs/security/CRYPTOGRAPHY.md,Journeyman does not implement ECB or PKCS#1 v1.5 encryption. Stored secrets use Fernet authenticated encryption; remote envelopes use AES-GCM.
v5.0.0-11.3.2,Cryptography,Encryption Algorithms,1,Applicable,Manually Verified,docs/security/CRYPTOGRAPHY.md,Application-managed encryption uses Fernet authenticated encryption for stored payloads and AES-256-GCM for remote execution envelopes.
v5.0.0-11.3.3,Cryptography,Encryption Algorithms,2,Applicable,Automated,tests/security/test_cryptography_data_protection_controls.py::test_credential_ciphertext_is_authenticated_and_contains_no_plaintext; tests/security/test_cryptography_data_protection_controls.py::test_remote_execution_envelope_uses_authenticated_aes_256_gcm,Both retained credential payloads and remote execution envelopes are authenticated against modification.
v5.0.0-11.3.4,Cryptography,Encryption Algorithms,3,Applicable,Automated,tests/security/test_cryptography_data_protection_controls.py::test_remote_execution_envelopes_use_fresh_salt_and_nonce,Remote envelopes generate fresh random salt and AES-GCM nonce for every encryption; Fernet nonce/IV generation is delegated to the library.
v5.0.0-11.3.5,Cryptography,Encryption Algorithms,3,Applicable,Manually Verified,docs/security/CRYPTOGRAPHY.md,"Where encryption and authentication are combined, Journeyman relies on authenticated-encryption constructions provided by maintained libraries rather than composing a custom MAC scheme."
v5.0.0-11.4.1,Cryptography,Hashing and Hash-based Functions,1,Applicable,Automated,tests/security/test_cryptography_data_protection_controls.py::test_remote_execution_envelope_uses_authenticated_aes_256_gcm; tests/security/test_cryptography_data_protection_controls.py::test_runner_bootstrap_secrets_are_random_and_only_digests_are_stored,Journeyman security-sensitive hashing/KDF paths use SHA-256/HKDF-SHA256 or scrypt; no MD5/SHA-1 cryptographic path is used by these controls.
v5.0.0-11.4.2,Cryptography,Hashing and Hash-based Functions,2,Applicable,Automated,tests/security/test_cryptography_data_protection_controls.py::test_fallback_admin_cli_uses_scrypt_password_hashing,The locally managed fallback administrator password is stored using Werkzeug scrypt; normal user passwords are verified by Active Directory and are not stored by Journeyman.
v5.0.0-11.4.3,Cryptography,Hashing and Hash-based Functions,2,Applicable,Automated,tests/security/test_cryptography_data_protection_controls.py::test_remote_execution_envelope_uses_authenticated_aes_256_gcm,Integrity/fingerprint operations use SHA-256 or authenticated encryption with 256-bit authentication/hash primitives.
v5.0.0-11.4.4,Cryptography,Hashing and Hash-based Functions,2,Not Applicable,Not Applicable,,"Journeyman does not derive encryption keys from human passwords. HKDF input for remote envelopes is a generated high-entropy dispatch token, not a password."
v5.0.0-11.5.1,Cryptography,Random Values,2,Applicable,Automated,tests/security/test_cryptography_data_protection_controls.py::test_runner_bootstrap_secrets_are_random_and_only_digests_are_stored; tests/security/test_cryptography_data_protection_controls.py::test_remote_execution_envelopes_use_fresh_salt_and_nonce,Non-guessable application secrets use Python secrets or os.urandom with at least 128 bits of entropy.
v5.0.0-11.5.2,Cryptography,Random Values,3,Applicable,Manually Verified,docs/security/CRYPTOGRAPHY.md,Randomness is delegated to Python secrets/os.urandom and the operating-system CSPRNG rather than application-maintained state.
v5.0.0-11.6.1,Cryptography,Public Key Cryptography,2,Not Applicable,Not Applicable,,Journeyman does not generate application public/private key pairs or application digital signatures.
v5.0.0-11.6.2,Cryptography,Public Key Cryptography,3,Not Applicable,Not Applicable,,Journeyman does not implement an application-level public-key key-exchange protocol.
v5.0.0-11.7.1,Cryptography,In-Use Data Cryptography,3,Applicable,Deferred,,Journeyman does not require or enforce full-memory encryption for sensitive data while it is in use.
v5.0.0-11.7.2,Cryptography,In-Use Data Cryptography,3,Applicable,Deferred,,"Secrets are decrypted only when needed by reveal/execution paths, but complete measurable plaintext-lifetime minimization and immediate re-encryption guarantees are not yet implemented."
v5.0.0-12.1.1,Secure Communication,General TLS Security Guidance,1,Applicable,Automated,tests/security/test_secure_communication_controls.py::test_managed_nginx_allows_only_tls_12_and_13,Managed Nginx configuration permits TLS 1.2 and TLS 1.3 only; TLS 1.3 is available as the latest supported protocol.
v5.0.0-12.1.2,Secure Communication,General TLS Security Guidance,2,Applicable,Automated,tests/security/test_asvs_automated_closeout.py::test_managed_nginx_disables_autoindex_and_constrains_tls_ciphers; tests/security/test_web_frontend_security_controls.py::test_managed_nginx_emits_hsts_for_tls_responses,"The managed Nginx configuration explicitly limits TLS to 1.2/1.3, pins a forward-secret AEAD TLS 1.2 cipher set, and disables session tickets."
v5.0.0-12.1.3,Secure Communication,General TLS Security Guidance,2,Not Applicable,Not Applicable,,Journeyman does not use mTLS client-certificate identities for authentication or authorization.
v5.0.0-12.1.4,Secure Communication,General TLS Security Guidance,3,Applicable,Deferred,,The managed Nginx configuration does not currently enforce/configure certificate revocation checking such as OCSP stapling.
v5.0.0-12.1.5,Secure Communication,General TLS Security Guidance,3,Applicable,Deferred,,Encrypted Client Hello is not currently configured by the Journeyman-managed TLS endpoint.
v5.0.0-12.2.1,Secure Communication,HTTPS Communication with External Facing Services,1,Applicable,Automated,tests/security/test_secure_communication_controls.py::test_managed_nginx_allows_only_tls_12_and_13,The packaged web service is exposed through the managed TLS Nginx endpoint; optional port 80 service only redirects to HTTPS.
v5.0.0-12.2.2,Secure Communication,HTTPS Communication with External Facing Services,1,Not Applicable,Not Applicable,,Journeyman is designed primarily for internal enterprise/OT deployment where organization-managed private PKI may be required; public Internet CA trust is not a universal application requirement.
v5.0.0-12.3.1,Secure Communication,General Service to Service Communication Security,2,Applicable,Automated,tests/security/test_outbound_security_controls.py; docs/security/OUTBOUND_COMMUNICATION.md,"Production external Git, Satellite, Zabbix and build-proxy destinations require HTTPS; remote PostgreSQL requires sslmode=verify-full; runners and LDAP retain their existing encrypted-transport controls."
v5.0.0-12.3.2,Secure Communication,General Service to Service Communication Security,2,Applicable,Automated,tests/security/test_outbound_security_controls.py; docs/security/OUTBOUND_COMMUNICATION.md,Production provider TLS verification cannot be disabled; remote PostgreSQL requires hostname-verifying TLS.
v5.0.0-12.3.3,Secure Communication,General Service to Service Communication Security,2,Applicable,Deferred,,"Remote runner HTTP traffic is HTTPS-only, but the local Nginx-to-Gunicorn hop uses HTTP over loopback and not every configurable internal HTTP endpoint is application-enforced as HTTPS."
v5.0.0-12.3.4,Secure Communication,General Service to Service Communication Security,2,Applicable,Manually Verified,docs/security/OUTBOUND_COMMUNICATION.md,Private PKI is supported through trusted system/application CA stores; disabling certificate validation is not an accepted production alternative.
v5.0.0-12.3.5,Secure Communication,General Service to Service Communication Security,3,Applicable,Deferred,,"Remote runners use high-entropy runner secrets and dispatch tokens over TLS, but Journeyman does not currently use replay-resistant public-key mutual authentication such as mTLS between services."
v5.0.0-13.1.1,Configuration,Configuration Documentation,2,Applicable,Manually Verified,docs/security/CONFIGURATION.md,Backend communication dependencies and administrator-configurable external destinations are documented.
v5.0.0-13.1.2,Configuration,Configuration Documentation,3,Applicable,Deferred,,A complete documented maximum-concurrency and saturation/fallback model for every external service is not yet defined.
v5.0.0-13.1.3,Configuration,Configuration Documentation,3,Applicable,Automated,tests/security/test_backend_failure_policy.py; docs/security/BACKEND_FAILURE_POLICY.md,"All known backend/helper boundaries have finite timeouts and documented retry budgets; Git/helper gaps are now bounded, LDAP failover is one attempt per enabled server, and cleanup/failure behaviour is documented and regression tested."
v5.0.0-13.1.4,Configuration,Configuration Documentation,3,Applicable,Automated,docs/security/SECRET_LIFECYCLE.md; tests/security/test_secret_lifecycle.py; tests/security/test_session_signing_key.py,"Journeyman documents explicit lifecycles for break-glass access, API tokens, session-signing keys, credential-encryption keys, Signal Source HMAC secrets, remote-system credentials, and one-time runner/bootstrap secrets, with automated verification of the enforceable lifecycle rules."
v5.0.0-13.2.1,Configuration,Backend Communication Configuration,2,Applicable,Deferred,,"Remote runners use per-runner authentication and database/external services require credentials, but Journeyman still supports long-lived service credentials rather than universally using short-term or certificate-based authentication."
v5.0.0-13.2.2,Configuration,Backend Communication Configuration,2,Applicable,Manually Verified,docs/security/CONFIGURATION.md; deploy/systemd/journeyman.service,Packaged services run under the dedicated journeyman account and deployment guidance requires least-privilege backend accounts; exact external-service privileges remain deployment-specific.
v5.0.0-13.2.3,Configuration,Backend Communication Configuration,2,Applicable,Manually Verified,docs/security/CONFIGURATION.md; deploy/journeyman.yml.example,Journeyman ships no working default credentials for backend services. External credentials are administrator supplied; documented secret placeholders are not accepted as the production session-signing secret.
v5.0.0-13.2.4,Configuration,Backend Communication Configuration,2,Applicable,Automated,tests/security/test_outbound_security_controls.py; docs/security/OUTBOUND_COMMUNICATION.md,"Production administrator-configured Git, inventory and environment-build proxy destinations are constrained by JOURNEYMAN_OUTBOUND_ALLOWED_HOSTS, which is owned outside the web UI."
v5.0.0-13.2.5,Configuration,Backend Communication Configuration,2,Applicable,Automated,tests/security/test_outbound_security_controls.py; app/config.py,Packaged ProductionConfig enforces the outbound destination allowlist at application validation and runtime request boundaries.
v5.0.0-13.2.6,Configuration,Backend Communication Configuration,3,Applicable,Deferred,,"Backend-specific timeouts exist, but connection-pool limits, saturation behaviour and retry strategies are not yet uniformly documented and enforced for every separate service."
v5.0.0-13.3.1,Configuration,Secret Management,2,Applicable,Deferred,,Journeyman encrypts stored secrets with an external file-backed key but does not yet integrate with a dedicated secrets-management solution or hardware-backed vault/HSM.
v5.0.0-13.3.2,Configuration,Secret Management,2,Applicable,Automated,tests/security/test_cryptography_data_protection_controls.py::test_credential_key_file_rejects_group_or_other_permissions; tests/security/test_authorization_controls.py::test_credential_secret_reveal_is_owner_only,Secret key material is permission-restricted and application secret reveal is subject to least-privilege authorization.
v5.0.0-13.3.3,Configuration,Secret Management,3,Applicable,Deferred,,Cryptographic operations currently execute in the Journeyman process using file-backed key material rather than an isolated HSM/security module.
v5.0.0-13.3.4,Configuration,Secret Management,3,Applicable,Automated,tests/security/test_secret_lifecycle.py; tests/security/test_session_signing_key.py; tests/security/test_service_coordinator.py,"Journeyman hard-expires break-glass access and API tokens, automatically rotates the session-signing key on eligible boots, warns administrators before or at rotation deadlines for encryption/HMAC secrets, and flags externally managed credentials for policy review without causing an availability-breaking local expiry."
v5.0.0-13.4.1,Configuration,Unintended Information Leakage,1,Applicable,Automated,tests/security/test_asvs_automated_closeout.py::test_release_archive_excludes_source_control_and_runtime_state; scripts/build_release_archive.py,"The supported release archive builder excludes .git metadata, runtime instance data, virtual environments, caches, logs, bytecode, and built tarballs; regression tests verify the exclusion boundary."
v5.0.0-13.4.2,Configuration,Unintended Information Leakage,2,Applicable,Automated,tests/security/test_configuration_controls.py::test_production_configuration_disables_debug_and_hardens_session_cookie; tests/security/test_configuration_controls.py::test_packaged_local_services_require_environment_file_and_web_is_production; tests/security/test_configuration_controls.py::test_development_entry_point_does_not_force_debug_mode,"Packaged production service configuration explicitly selects ProductionConfig, which disables debug mode; the development entry point no longer forces debug on."
v5.0.0-13.4.3,Configuration,Unintended Information Leakage,2,Applicable,Automated,tests/security/test_asvs_automated_closeout.py::test_managed_nginx_disables_autoindex_and_constrains_tls_ciphers; deployment/journeyman_apply_web_settings.py,The managed production Nginx configuration explicitly disables directory indexing with autoindex off.
v5.0.0-13.4.4,Configuration,Unintended Information Leakage,2,Applicable,Automated,tests/security/test_configuration_controls.py::test_trace_method_is_not_supported,The application does not expose TRACE routes; regression coverage requires HTTP TRACE to return Method Not Allowed.
v5.0.0-13.4.5,Configuration,Unintended Information Leakage,2,Applicable,Automated,tests/test_system_status.py::test_system_status_is_admin_only,Administrative monitoring/status information is intentionally exposed only through authorization-protected application endpoints; project documentation is not served as a web route.
v5.0.0-13.4.6,Configuration,Unintended Information Leakage,3,Applicable,Automated,tests/security/test_configuration_controls.py::test_application_response_headers_do_not_advertise_backend_framework_versions,"Application responses are checked not to advertise Python, Flask, Werkzeug or Gunicorn versions in response headers. Journeyman intentionally displays its own application version."
v5.0.0-13.4.7,Configuration,Unintended Information Leakage,3,Applicable,Deferred,,A strict reverse-proxy allowlist of servable file extensions is not currently enforced by Journeyman deployment configuration.
v5.0.0-14.1.1,Data Protection,Data Protection Documentation,2,Applicable,Manually Verified,docs/security/DATA_PROTECTION.md,"Sensitive Journeyman data is classified into restricted secrets, protected operational data and ordinary metadata."
v5.0.0-14.1.2,Data Protection,Data Protection Documentation,2,Applicable,Manually Verified,docs/security/DATA_PROTECTION.md,"Protection requirements cover encryption, logging, access control, transport placement, caching and retention expectations."
v5.0.0-14.2.1,Data Protection,General Data Protection,1,Applicable,Manually Verified,docs/security/DATA_PROTECTION.md; app/views/runners.py,"Runner API and dispatch secrets are carried in headers; credential/package secrets are submitted in request bodies, not documented URL/query parameters."
v5.0.0-14.2.2,Data Protection,General Data Protection,2,Applicable,Automated,tests/security/test_data_retention_controls.py,Server-side inventory caches have bounded retention and protected application records are purged according to the configured retention policy.
v5.0.0-14.2.3,Data Protection,General Data Protection,2,Applicable,Automated,tests/security/test_cryptography_data_protection_controls.py::test_client_templates_do_not_load_third_party_tracking_scripts,Journeyman templates do not load common third-party analytics/tracking services that would receive application data.
v5.0.0-14.2.4,Data Protection,General Data Protection,2,Applicable,Automated,tests/security/test_data_retention_controls.py; docs/security/DATA_RETENTION.md,"Protected data now has explicit retention, purge, authenticated no-store caching, encryption/access-control, and deployment backup-retention requirements."
v5.0.0-14.2.5,Data Protection,General Data Protection,3,Applicable,Deferred,,"Journeyman does not intentionally provide a shared application cache, but end-to-end Web Cache Deception hardening across deployment reverse proxies has not yet been verified."
v5.0.0-14.2.6,Data Protection,General Data Protection,3,Applicable,Automated,tests/test_credential_reveal.py::test_reveal_button_is_visible_only_to_owner; tests/test_credential_reveal.py::test_credential_owner_can_reveal_secret,Credential values are masked by default and full recoverable values are returned only through an explicit owner-authorized reveal operation.
v5.0.0-14.2.7,Data Protection,General Data Protection,3,Applicable,Automated,tests/security/test_data_retention_controls.py; docs/security/DATA_RETENTION.md,Terminal Job evidence and dependent sensitive snapshots/outputs are automatically purged after the configured retention period.
v5.0.0-14.2.8,Data Protection,General Data Protection,3,Not Applicable,Not Applicable,,Journeyman currently has no general end-user file-upload feature whose submitted metadata is retained.
v5.0.0-14.3.1,Data Protection,Client-side Data Protection,1,Applicable,Automated,tests/security/test_session_management_controls.py::test_logout_clears_browser_session_and_requires_login_again; tests/security/test_cryptography_data_protection_controls.py::test_client_templates_do_not_use_browser_storage_for_sensitive_state,Logout clears the authenticated session and Journeyman application code does not use localStorage/sessionStorage/IndexedDB for sensitive state.
v5.0.0-14.3.2,Data Protection,Client-side Data Protection,2,Applicable,Automated,tests/security/test_data_retention_controls.py,All authenticated application responses receive no-store/no-cache headers centrally.
v5.0.0-14.3.3,Data Protection,Client-side Data Protection,2,Applicable,Deferred,,"Journeyman does not use localStorage/sessionStorage/IndexedDB, but the signed Flask client-side session cookie can contain authenticated identity/session metadata and is integrity-protected rather than encrypted."
v5.0.0-15.1.1,Secure Coding and Architecture,Secure Coding and Architecture Documentation,1,Applicable,Manually Verified,docs/security/SECURE_CODING_ARCHITECTURE.md,Risk-based third-party remediation targets are documented.
v5.0.0-15.1.2,Secure Coding and Architecture,Secure Coding and Architecture Documentation,2,Applicable,Automated,tests/security/test_release_provenance.py; scripts/build_release_provenance.py; docs/security/RELEASE_PROVENANCE.md,"Each release generates a version-bound SHA-256 source manifest and SPDX 2.3 SBOM from the exact production dependency lock, including direct and transitive Python components. The manifest records the dependency-lock digest and can verify installed release files for post-install modification; signing is performed with a maintainer-controlled release key outside production."
v5.0.0-15.1.3,Secure Coding and Architecture,Secure Coding and Architecture Documentation,2,Applicable,Manually Verified,docs/security/SECURE_CODING_ARCHITECTURE.md,Resource-demanding functionality and queue/concurrency/timeout defenses are documented.
v5.0.0-15.1.4,Secure Coding and Architecture,Secure Coding and Architecture Documentation,3,Applicable,Manually Verified,docs/security/SECURE_CODING_ARCHITECTURE.md,Risky third-party components are identified for additional review.
v5.0.0-15.1.5,Secure Coding and Architecture,Secure Coding and Architecture Documentation,3,Applicable,Manually Verified,docs/security/SECURE_CODING_ARCHITECTURE.md,"Dangerous functionality such as shell, Ansible, Git, runner bootstrap, and secret reveal is explicitly documented."
v5.0.0-15.2.1,Secure Coding and Architecture,Security Architecture and Dependencies,1,Applicable,Manually Verified,scripts/audit_release_dependencies.py; docs/security/DEPENDENCY_VULNERABILITY_MANAGEMENT.md; requirements-postgresql.lock,"The maintainer must audit every supported release dependency lock with pip-audit at least weekly and before release. Applicable findings require remediation, complete regression/security testing, regenerated lock/SBOM/provenance, and a new maintenance release; non-applicable or deferred findings require an explicit documented security exception."
v5.0.0-15.2.2,Secure Coding and Architecture,Security Architecture and Dependencies,2,Applicable,Automated,tests/security/test_secure_coding_architecture_controls.py::test_resource_demanding_execution_has_server_side_parallel_limits; tests/security/test_secure_coding_architecture_controls.py::test_remote_job_claim_uses_conditional_database_update,Project and runner execution capacity is bounded and queued work is atomically claimed.
v5.0.0-15.2.3,Secure Coding and Architecture,Security Architecture and Dependencies,2,Applicable,Automated,tests/security/test_secure_coding_architecture_controls.py::test_production_configuration_does_not_enable_debug_functionality; tests/security/test_configuration_controls.py::test_packaged_local_services_require_environment_file_and_web_is_production,Production configuration disables debug/development functionality and the packaged service pins ProductionConfig.
v5.0.0-15.2.4,Secure Coding and Architecture,Security Architecture and Dependencies,3,Applicable,Deferred,,A transitive dependency lock/SBOM with cryptographic provenance and dependency-confusion prevention is not yet enforced by Journeyman release tooling.
v5.0.0-15.2.5,Secure Coding and Architecture,Security Architecture and Dependencies,3,Applicable,Deferred,,Dangerous functionality has authorization and OS/service boundaries but is not generally sandboxed or separately containerized as required for this Level-3 control.
v5.0.0-15.3.1,Secure Coding and Architecture,Defensive Coding,1,Applicable,Automated,tests/security/test_secure_coding_architecture_controls.py::test_runner_assignment_manifest_is_an_explicit_field_subset; tests/security/test_cryptography_data_protection_controls.py::test_runner_bootstrap_secrets_are_random_and_only_digests_are_stored,Security-sensitive responses/manifests use explicit field subsets rather than whole ORM object serialization.
v5.0.0-15.3.2,Secure Coding and Architecture,Defensive Coding,2,Applicable,Automated,tests/security/test_outbound_redirect_controls.py; docs/security/OUTBOUND_REDIRECTS.md,"Git, Zabbix, and delegated Satellite/Foreman HTTP paths explicitly reject redirects; the Foreman subprocess receives a scoped Requests no-redirect guard."
v5.0.0-15.3.3,Secure Coding and Architecture,Defensive Coding,2,Applicable,Automated,tests/security/test_secure_coding_architecture_controls.py::test_request_data_is_not_bulk_mass_assigned_to_models,Controllers explicitly extract allowed request fields; bulk request-dictionary mass assignment is prohibited by regression test.
v5.0.0-15.3.4,Secure Coding and Architecture,Defensive Coding,2,Applicable,Automated,tests/security/test_secure_coding_architecture_controls.py::test_production_proxy_trust_is_explicit_and_bounded,Production ProxyFix trusts exactly one proxy hop and application code does not consume X-Forwarded-For directly.
v5.0.0-15.3.5,Secure Coding and Architecture,Defensive Coding,2,Applicable,Deferred,,"Security-sensitive inputs frequently perform explicit conversion/range checks, but Python is dynamically typed and universal strict type/comparator verification has not been demonstrated."
v5.0.0-15.3.6,Secure Coding and Architecture,Defensive Coding,2,Not Applicable,Not Applicable,,Journeyman does not accept or merge attacker-controlled JavaScript object graphs; no client-side object-merging/prototype-extension facility is used as an application data model.
v5.0.0-15.3.7,Secure Coding and Architecture,Defensive Coding,2,Applicable,Automated,tests/security/test_request_parameter_pollution.py,Journeyman rejects duplicate scalar query/form parameters before route handling while explicitly allowing only known multi-value form fields.
v5.0.0-15.4.1,Secure Coding and Architecture,Safe Concurrency,3,Applicable,Deferred,,"Journeyman coordinates core execution state through the database, but a complete review proving thread safety for every shared in-process/file resource has not been completed."
v5.0.0-15.4.2,Secure Coding and Architecture,Safe Concurrency,3,Applicable,Deferred,,"Atomic conditional database claims are used for runner work, but universal TOCTOU safety across filesystem and database check/action pairs has not been demonstrated."
v5.0.0-15.4.3,Secure Coding and Architecture,Safe Concurrency,3,Not Applicable,Not Applicable,,Journeyman does not implement application-managed thread lock graphs; coordination is primarily database/process based. Reassess if explicit threaded locking is introduced.
v5.0.0-15.4.4,Secure Coding and Architecture,Safe Concurrency,3,Applicable,Deferred,,"Gunicorn/process and runner concurrency limits exist, but Journeyman does not implement or verify a Level-3 fair thread scheduling policy."
v5.0.0-16.1.1,Security Logging and Error Handling,Security Logging Documentation,2,Applicable,Manually Verified,docs/security/LOGGING_ERROR_HANDLING.md,"The logging inventory documents the structured audit log, operational application logs, recorded metadata, access controls, storage expectations and known retention/centralization gaps."
v5.0.0-16.2.1,Security Logging and Error Handling,General Logging,2,Applicable,Automated,tests/security/test_logging_error_handling_controls.py::test_audit_event_contains_investigation_metadata,"Structured audit events retain timestamp, actor, authentication mechanism, action/result, object metadata, source IP and request correlation identifier."
v5.0.0-16.2.2,Security Logging and Error Handling,General Logging,2,Applicable,Deferred,docs/security/LOGGING_ERROR_HANDLING.md,"Audit timestamps are generated in UTC, but Journeyman does not currently verify time synchronization across the application host, database, runners and external systems."
v5.0.0-16.2.3,Security Logging and Error Handling,General Logging,2,Applicable,Manually Verified,docs/security/LOGGING_ERROR_HANDLING.md,The documented logging inventory identifies the database audit log and operational application/service logging channels used by Journeyman.
v5.0.0-16.2.4,Security Logging and Error Handling,General Logging,2,Applicable,Deferred,docs/security/LOGGING_ERROR_HANDLING.md,"The database audit log is structured, but Journeyman does not yet mandate one common parseable format and processor for all operational logs."
v5.0.0-16.2.5,Security Logging and Error Handling,General Logging,2,Applicable,Automated,tests/test_audit_log.py::test_audit_service_redacts_sensitive_detail_keys,"Audit detail keys associated with passwords, secrets, tokens, credentials, authorization, cookies and CSRF values are redacted before persistence."
v5.0.0-16.3.1,Security Logging and Error Handling,Security Events,2,Applicable,Automated,tests/security/test_logging_error_handling_controls.py::test_successful_and_failed_authentication_are_audited,Successful and failed interactive authentication attempts are persisted with result and authentication mechanism metadata.
v5.0.0-16.3.2,Security Logging and Error Handling,Security Events,2,Applicable,Automated,tests/security/test_logging_error_handling_controls.py::test_failed_authorization_is_audited,HTTP 403 authorization failures are captured centrally as authorization.denied audit events without request-body contents.
v5.0.0-16.3.3,Security Logging and Error Handling,Security Events,2,Applicable,Automated,tests/security/test_logging_fail_closed_controls.py,"Central rejection auditing records validation, conflict, and anti-automation failures while specific authentication/CSRF/authorization events remain available."
v5.0.0-16.3.4,Security Logging and Error Handling,Security Events,2,Applicable,Automated,tests/security/test_logging_fail_closed_controls.py,Security-control/backend authentication failures and unhandled exceptions are classified and represented in the audit trail.
v5.0.0-16.4.1,Security Logging and Error Handling,Log Protection,2,Applicable,Automated,tests/security/test_logging_fail_closed_controls.py,Structured audit JSON plus an application logging filter prevents CR/LF-controlled text from forging conventional log lines.
v5.0.0-16.4.2,Security Logging and Error Handling,Log Protection,2,Applicable,Deferred,docs/security/LOGGING_ERROR_HANDLING.md,"Audit viewing is administrator-only and no mutation route exists, but database-level append-only or tamper-evident enforcement is not yet implemented."
v5.0.0-16.4.3,Security Logging and Error Handling,Log Protection,2,Applicable,Deferred,docs/security/LOGGING_ERROR_HANDLING.md,Journeyman does not yet require secure forwarding of security logs to a logically separate SIEM/logging system.
v5.0.0-16.5.1,Security Logging and Error Handling,Error Handling,2,Applicable,Automated,tests/security/test_logging_error_handling_controls.py::test_last_resort_error_handler_returns_generic_message_and_logs_exception,Unexpected server exceptions produce a generic HTTP 500 response while detailed exception information remains server-side.
v5.0.0-16.5.2,Security Logging and Error Handling,Error Handling,2,Applicable,Deferred,docs/security/LOGGING_ERROR_HANDLING.md,"Several dependency failures fail closed, but Journeyman does not yet provide or verify a uniform circuit-breaker/graceful-degradation policy for all external resources."
v5.0.0-16.5.3,Security Logging and Error Handling,Error Handling,2,Applicable,Manually Verified,docs/security/LOGGING_FAIL_CLOSED_REVIEW.md,Application security boundaries were reviewed for fail-closed behavior; representative automated regression tests are referenced by the review.
v5.0.0-16.5.4,Security Logging and Error Handling,Error Handling,3,Applicable,Automated,tests/security/test_logging_error_handling_controls.py::test_last_resort_error_handler_returns_generic_message_and_logs_exception,A last-resort application HTTP 500 handler returns a controlled response and records unhandled exception details server-side.
v5.0.0-17.1.1,WebRTC,TURN Server,2,Not Applicable,Not Applicable,,"Journeyman does not implement WebRTC, TURN, DTLS-SRTP media handling, or WebRTC signaling; see docs/security/TOKEN_OAUTH_WEBRTC_APPLICABILITY.md."
v5.0.0-17.1.2,WebRTC,TURN Server,3,Not Applicable,Not Applicable,,"Journeyman does not implement WebRTC, TURN, DTLS-SRTP media handling, or WebRTC signaling; see docs/security/TOKEN_OAUTH_WEBRTC_APPLICABILITY.md."
v5.0.0-17.2.1,WebRTC,Media,2,Not Applicable,Not Applicable,,"Journeyman does not implement WebRTC, TURN, DTLS-SRTP media handling, or WebRTC signaling; see docs/security/TOKEN_OAUTH_WEBRTC_APPLICABILITY.md."
v5.0.0-17.2.2,WebRTC,Media,2,Not Applicable,Not Applicable,,"Journeyman does not implement WebRTC, TURN, DTLS-SRTP media handling, or WebRTC signaling; see docs/security/TOKEN_OAUTH_WEBRTC_APPLICABILITY.md."
v5.0.0-17.2.3,WebRTC,Media,2,Not Applicable,Not Applicable,,"Journeyman does not implement WebRTC, TURN, DTLS-SRTP media handling, or WebRTC signaling; see docs/security/TOKEN_OAUTH_WEBRTC_APPLICABILITY.md."
v5.0.0-17.2.4,WebRTC,Media,2,Not Applicable,Not Applicable,,"Journeyman does not implement WebRTC, TURN, DTLS-SRTP media handling, or WebRTC signaling; see docs/security/TOKEN_OAUTH_WEBRTC_APPLICABILITY.md."
v5.0.0-17.2.5,WebRTC,Media,3,Not Applicable,Not Applicable,,"Journeyman does not implement WebRTC, TURN, DTLS-SRTP media handling, or WebRTC signaling; see docs/security/TOKEN_OAUTH_WEBRTC_APPLICABILITY.md."
v5.0.0-17.2.6,WebRTC,Media,3,Not Applicable,Not Applicable,,"Journeyman does not implement WebRTC, TURN, DTLS-SRTP media handling, or WebRTC signaling; see docs/security/TOKEN_OAUTH_WEBRTC_APPLICABILITY.md."
v5.0.0-17.2.7,WebRTC,Media,3,Not Applicable,Not Applicable,,"Journeyman does not implement WebRTC, TURN, DTLS-SRTP media handling, or WebRTC signaling; see docs/security/TOKEN_OAUTH_WEBRTC_APPLICABILITY.md."
v5.0.0-17.2.8,WebRTC,Media,3,Not Applicable,Not Applicable,,"Journeyman does not implement WebRTC, TURN, DTLS-SRTP media handling, or WebRTC signaling; see docs/security/TOKEN_OAUTH_WEBRTC_APPLICABILITY.md."
v5.0.0-17.3.1,WebRTC,Signaling,2,Not Applicable,Not Applicable,,"Journeyman does not implement WebRTC, TURN, DTLS-SRTP media handling, or WebRTC signaling; see docs/security/TOKEN_OAUTH_WEBRTC_APPLICABILITY.md."
v5.0.0-17.3.2,WebRTC,Signaling,2,Not Applicable,Not Applicable,,"Journeyman does not implement WebRTC, TURN, DTLS-SRTP media handling, or WebRTC signaling; see docs/security/TOKEN_OAUTH_WEBRTC_APPLICABILITY.md."
